Workbook
Name Print_Area: 'Отгрузка ЭМАС 3.1 в 2026'!$A$1:$U$84

Sheet Отгрузка ЭМАС 3.1 в 2026
P2: УТВЕРЖДАЮ:
P3: Руководитель предприятия
P4: Алтухова Е.А. __________________
P6: "____" _________________ 2026 г.
B7: Акт №
B8: о приёмке товарно-материальных ценностей
B9: от
B11: Инвойс от
B12: Упаковочный лист (количество мест, вес, объем) 0 коробок, 0 паллет, 0 м³, вес брутто - 0 кг, вес нетто - 0 кг.
B13: Состояние упаковки (вскрытая, потертая, помятая, рваная и т.д.) – удовлетворительное.
B14: Дата забора груза от отправителя: | G14: г.
B15: Дата выезда продукции (товара) из г. Стамбул: | H15: г.
B16: Дата ТО (таможенного оформления): | G16: г.
B17: Дата поступления продукции (товара) на склад: | H17: г.
B19: Поступление: | D19: EMAS инвойс | G19: EUR
B21: Мы, нижеподписавшиеся, составили настоящий акт о приёмке товарно-материальных ценностей:
B23: Этапы сверки
B25: № п/п | C25: Этапы сверки | E25: Номенклатура | G25: Кол-во, шт | J25: Цена за ед., евро (EXW) | K25: Итого, евро (EXW) | L25: Заказ поставщику | P25: Примечание | T25: Ответственный
G26: в инвойсе | H26: факт | I26: ∆
B27: 1 | C27: Расхождения между упаковочным листом и инвойсом | E27: Нет | T27: Макеева И.В.
B28: 2 | C28: Расхождения между упаковочным листом и пришедшим товаром | I28: =H28-G28 -> 0 | K28: =J28*I28 -> 0 | T28: Макеева И.В. Никулин А.И.
E40: Итого: | K40: =SUM(K28:K39) -> 0
B41: 3 | C41: Расхождения по ценам инвойса и входным в программе 1С | E41: Нет | T41: Макеева И.В.
B42: 4 | C42: Расхождения между инвойсом и заказом поставщику (справочно) | E42: Нет | T42: Макеева И.В.
E65: Итого: | K65: =SUM(K42:K64) -> 0
B66: 5 | C66: Расхождение по сумме поступлений и инвойса | E66: 1. Стоимость товара согласно таможенным документам (сумма в инвойсе) составила: | K66: =F19 -> 0 | L66: EUR | T66: Макеева И.В.
E67: 2. Стоимость фактического поступившего товара с оприходованием и недостачей составила: | K67: =K66+K40 -> 0 | L67: EUR
E68: 3. Разница в стоимости между фактическим поступлением и инвойсом составляет: | K68: =K67-K66 -> 0 | L68: =IF(K68<0,"евро в пользу Ритет","евро в пользу Эмас") -> евро в пользу Эмас
B69: 6 | C69: Затраты на доставку и ТО
C70: Инвойс | F70: Стоимость доставки до границы ("КВТ Сервис") | H70: Стоимость доставки РФ + Брокер ("КВТ Сервис") | J70: Погрузо-разгрузочные работы ("КВТ Сервис") | L70: Таможенный сбор | N70: Пошлина | P70: НДС | R70: Оплатили по факту и % от инвойса
F71: доллар | H71: евро | J71: евро | L71: евро | N71: евро | P71: евро | R71: евро | S71: =G71+I71+K71+M71+O71+Q71 -> 0
C72: поставщик | D72: евро | E72: % | F72: рубли | H72: рубли | J72: рубли | L72: рубли | N72: рубли | P72: рубли | R72: рубли | S72: =G72+I72+K72+M72+O72+Q72 -> 0
C73: EMAS | D73: =F19 -> 0 | F73: % | G73: =(G71*U79+G72)*100/(D73*U79) -> #DIV/0! | H73: % | I73: =(I71*U79+I72)*100/(D73*U79) -> #DIV/0! | J73: % | K73: =(K71*U79+K72)*100/(D73*U79) -> #DIV/0! | L73: % | M73: =(M71*U79+M72)*100/(D73*U79) -> #DIV/0! | N73: % | O73: =(O71*U79+O72)*100/(D73*U79) -> #DIV/0! | P73: % | Q73: =(Q71*U79+Q72)*100/(D73*U79) -> #DIV/0! | R73: % | S73: =(S71*U79+S72)*100/(D73*U79) -> #DIV/0!
S75: Курс валют на:
E76: Начальник склада: | F76: " " 2026г. | K76: /А.И. Никулин | T76: =F16 -> 0 | U76: г.
S77: валюта | U77: ₱ рубль
S78: 1$ доллар
E79: Продакт-менеджер: | F79: " " 2026г. | K79: / И.В. Макеева | S79: 1евро
S80: К =1€ / 1$ | U80: =U79/U78 -> #DIV/0!
E82: Главный бухгалтер: | F82: " " 2026г. | K82: / А.С. Мосеенков

Sheet Затраты на доставку и ТО
A1: Курс валют на:
A2: ='Отгрузка ЭМАС 3.1 в 2026'!F16 -> 0
A3: Валюта | B3: ₱ рубль
A4: 1$ доллар | B4: ='Отгрузка ЭМАС 3.1 в 2026'!U78 -> 0
A5: 1евро | B5: ='Отгрузка ЭМАС 3.1 в 2026'!U79 -> 0
A6: К =1€ / 1$ | B6: =B5/B4 -> #DIV/0!
A8: Затраты на доставку и ТО
A9: Инвойс | D9: Стоимость доставки до границы ("КВТ Сервис") | F9: Стоимость доставки РФ + Брокер ("КВТ Сервис") | H9: Погрузо-разгрузочные работы ("КВТ Сервис") | J9: Таможенный сбор | L9: Пошлина | N9: НДС | P9: Оплатили по факту и % от инвойса
D10: доллар | E10: ='Отгрузка ЭМАС 3.1 в 2026'!G71 -> 0 | F10: евро | H10: евро | J10: евро | L10: евро | N10: евро | P10: евро | Q10: =E10+G10+I10+K10+M10+O10 -> 0
A11: поставщик | B11: евро | C11: % | D11: рубли | E11: ='Отгрузка ЭМАС 3.1 в 2026'!G72 -> 0 | F11: рубли | G11: ='Отгрузка ЭМАС 3.1 в 2026'!I72 -> 0 | H11: рубли | I11: ='Отгрузка ЭМАС 3.1 в 2026'!K72 -> 0 | J11: рубли | K11: ='Отгрузка ЭМАС 3.1 в 2026'!M72 -> 0 | L11: рубли | M11: ='Отгрузка ЭМАС 3.1 в 2026'!O72 -> 0 | N11: рубли | O11: ='Отгрузка ЭМАС 3.1 в 2026'!Q72 -> 0 | P11: рубли | Q11: =E11+G11+I11+K11+M11+O11 -> 0
A12: EMAS | B12: ='Отгрузка ЭМАС 3.1 в 2026'!F19 -> 0 | D12: % | E12: =(E10*B5+E11)*100/(B12*B5) -> #DIV/0! | F12: % | G12: =(G10*B5+G11)*100/(B12*B5) -> #DIV/0! | H12: % | I12: =(I10*B5+I11)*100/(B12*B5) -> #DIV/0! | J12: % | K12: =(K10*B5+K11)*100/(B12*B5) -> #DIV/0! | L12: % | M12: =(M10*B5+M11)*100/(B12*B5) -> #DIV/0! | N12: % | O12: =(O10*B5+O11)*100/(B12*B5) -> #DIV/0! | P12: % | Q12: =(Q10*B5+Q11)*100/(B12*B5) -> #DIV/0!
J14: Продакт-менеджер: | L14: ='Отгрузка ЭМАС 3.1 в 2026'!F76 -> " " 2026г. | P14: / Макеева И.В.
J17: Главный бухгалтер: | L17: " " апреля 2026 г. | P17: / Мосеенков А.С.
